ACE_Coffee_Mug_Kristen_16_oz_cup,"ACE Coffee Mug, Kristen, 16 oz cup"
alarm,"Crosley Alarm Clock, Vintage Metal"
Android_Figure_Chrome,"Android Figure, Chrome"
ASICS_GELLinksmaster_WhiteSilverCarolina_Blue,"ASICS GEL-Linksmaster\302\256 - White/Silver/Carolina Blue\nThe traditional golfer\'s saddle design meets comfort and support in this shoe. Waterproof, for the dew-covered grass of early morning rounds, with a stable, supportive sole for comfort and fit. A great bargain."
Asus_80211ac_DualBand_Gigabit_Wireless_Router_RTAC68R,Asus - 802.11ac Dual-Band Gigabit Wireless Router RT-AC68R
Asus_Sabertooth_990FX_20_Motherboard_ATX_Socket_AM3,Asus Sabertooth 990FX 2.0  Motherboard ATX Socket AM3+
backpack,"Olive Kids Trains, Planes, Trucks Bogo Backpack"
bell,"Cole Hardware School Bell, Solid Brass, 3/8\"
Big_Dot_Aqua_Pencil_Case,Big Dot Aqua Pencil Case
blocks,"50 BLOCKS\nContains 36 natural blocks and 14 color blocks. ?The set reinforces creativity, expands children\357\277\275s thinking ability, and stimulates their imagination."
BUNNY_RATTLE,BUNNY RATTLE\nLittle Bunny Rattle makes a bell sound which stimulate baby\'s sound exploring and also enhances hand-eye coordination.
Canon_Pixma_Ink_Cartridge_8_Green,"Canon Pixma Ink Cartridge, 8 Green"
Cascadia_8_Color_AquariusHibscsBearingSeaBlk_Size_50,"Cascadia 8, Color: Aquarius/Hibscs/BearingSea/Blk, Size: 5.0\nThe Cascadia 8 was designed from the gritty, wet, and uneven ground up. Engineered to adapt to the surface and your foot, this versatile piece of equipment runs an ultramarathon and then asks for more. We swapped out the midsole for BioMoGo DNA to create a super cohesive transition and deluxe-ified the Segmented Crash Pad on the lateral side to smooth that heel-to-toe even more. The suede geometric pattern on the upper is a shout-out to past Cascadia designs but also serves the function of wrapping the foot for a close fit. Don\'t just take our word for it: Runner\'s World named the Cascadia 8 its \"
chicken,"CHICKEN NESTING\nThis basic nesting toy comes with a chicken theme. It consists of 4 pieces and a circle base. Children are able to learn about the sequencing, life cycle of a chicken and play in various styles."
CITY_TAXI_POLICE_CAR,CITY TAXI & POLICE CAR
Cole_Hardware_Flower_Pot_1025,"Cole Hardware Flower Pot, 10.25\"
Cole_Hardware_Mini_Honey_Dipper,Cole Hardware Mini Honey Dipper
Crayola_Washable_Sidewalk_Chalk_16_pack_wDZECiw7J6s,Crayola Washable Sidewalk Chalk - 16 pack
cream,Perricone MD Hypoallergenic Firming Eye Cream 0.5 oz
Cream_Tieks_Italian_Leather_Ballet_Flats,"Cream Tieks - Italian Leather Ballet Flats\nOld meets new in this stylish, sexy reinvention of the ballet flat. Return to romance in this lovely Cream color, designed to look exquisite with any outfit. A favorite among brides. Made with premium, soft, top-grain Italian leather. Non-elasticized, cushioned back and padded instep. Foldable split-sole design for ultimate portability. Signature Tiek Blue stripes and durable, non-skid rubber soles."
DIM_CDG,DIM + CDG
D_ROSE_773_II_hvInJwJ5HUD,D ROSE 773 II
Ecoforms_Cup_B4_SAN,"Ecoforms Cup, B4 SAN"
Ecoforms_Plant_Pot_GP9_SAND,"Ecoforms Plant Pot, GP9 SAND"
elephant,Elephant\nElephant
Epson_DURABrite_Ultra_786_Black_Ink_Cartridge_T786120S,Epson DURABrite Ultra 786 Black Ink Cartridge (T786120-S)
Epson_Ink_Cartridge_Black_200,"Epson Ink Cartridge, Black 200"
F5_TRX_FG,F5 TRX FG
FISHING_GAME,"FISHING GAME\nGone fishin\'! The set includes 6 colorful fish, pond-blue fabric, and 2 fishing rods. Rods can be adjusted from beginner to advanced level."
FRUIT_VEGGIE_MEMO_GRADIENT,FRUIT & VEGGIE MEMO (GRADIENT)\nThe 28 appetizing wooden domino tiles will delight any child\'s mind! Features 7 different kinds of  fruits and vegetables.
grandfather,GRANDFATHER DOLL
grandmother,GRANDMOTHER
hat,Retail Leadership Summit\nRetail Leadership Summit
HP_Card_Invitation_Kit,HP Card & Invitation Kit
Lavender_Snake_Tieks_Snake_Print_Ballet_Flats,"Lavender Snake Tieks - Snake Print Ballet Flats\nAttract envious stares with these one-of-a-kind, snake print ballet flats. The lustrous combination of lavender, black, gold and pewter is sure to turn heads. Made with premium, soft, top-grain Italian leather. Non-elasticized, cushioned back and padded instep. Foldable split-sole design for ultimate portability. Signature Tiek Blue stripes and durable, non-skid rubber soles."
Leap_Frog_Paint_Dabber_Dot_Art_5_paint_bottles,Leap Frog Paint Dabber Dot Art - 5 paint bottles
leather,Men\'s Gold Cup ASV Dress Casual Venetian in Dark Brown Leather\nMen\'s Gold Cup ASV Dress Casual Venetian
LEGO_Creationary_Game_ZJa163wlWp2,LEGO Creationary Game
lion,Schleich Lion Action Figure
Little_Debbie_Cloud_Cakes_10_ct,Little Debbie Cloud Cakes 10 ct
Little_Debbie_Donut_Sticks_6_cake_donuts_10_oz_total,"Little Debbie Donut, Sticks - 6 cake donuts, 10 oz total"
lunch_bag,Digital Camo Double Decker Lunch Bag
mario,Nintendo Mario Action Figure
Marvel_Avengers_Titan_Hero_Series_Doctor_Doom,"Marvel Avengers Titan Hero Series, Doctor Doom"
MEAT_SET,"MEAT SET\nThis set includes steak, fish, sausage, a chicken drumstick, salami, bologna and a knife."
Mens_Billfish_Slip_On_in_Tan_Beige_aaVUk0tNTv8,Men\'s Billfish Slip On in Tan Beige\nMen\'s Billfish Slip On
Mens_Gold_Cup_ASV_Dress_Casual_Venetian_in_Dark_Brown_Leather,Men\'s Gold Cup ASV Dress Casual Venetian in Dark Brown Leather\nMen\'s Gold Cup ASV Dress Casual Venetian
Metallic_Pewter_Tieks_Italian_Leather_Ballet_Flats,"Metallic Pewter Tieks - Italian Leather Ballet Flats\nThese striking, Metallic Pewter ballet flats can jazz up an evening ensemble or add subtle flash to your everyday look. Made with premium, soft, top-grain Italian leather. Non-elasticized, cushioned back and padded instep. Foldable split-sole design for ultimate portability. Signature Tiek Blue stripes and durable, non-skid rubber soles."
MIRACLE_POUNDING,"MIRACLE POUNDING\nAs the ball is pounded with the wooden mallet, a new ball comes up to replace it. Great for developing hand-eye coordination."
Mist_Wipe_Warmer,Mist Wipe Warmer
My_Little_Pony_Princess_Celestia,My Little Pony Princess Celestia
Nescafe_16Count_Dolce_Gusto_Cappuccino_Capsules,Nescafe 16-Count Dolce Gusto Cappuccino Capsules
Nickelodeon_Teenage_Mutant_Ninja_Turtles_Raphael,Nickelodeon Teenage Mutant Ninja Turtles Raphael
Office_Depot_HP_564XL_Remanufactured_Ink_Cartridges_Color_Cyan_Magenta_Yellow_3_count,"Office Depot (HP 564XL) Remanufactured Ink Cartridges - Color (Cyan, Magenta, Yellow) - 3 count"
Office_Depot_HP_932XL_Ink_Cartridge_Black_CN053A,"Office Depot HP 932XL Ink Cartridge, Black (CN053A)"
oil,Marc Anthony Skip Professional Oil of Morocco Conditioner with Argan Oil
Olive_Kids_Birdie_Lunch_Box,Olive Kids Birdie Lunch Box
Olive_Kids_Trains_Planes_Trucks_Bogo_Backpack,"Olive Kids Trains, Planes, Trucks Bogo Backpack"
Olive_Kids_Trains_Planes_Trucks_Munch_n_Lunch_Bag,"Olive Kids Trains, Planes & Trucks Munch \'n Lunch Bag"
Ortho_Forward_Facing_CkAW6rL25xH,Ortho Forward Facing
Paper_Mario_Sticker_Star_Nintendo_3DS_Game,Paper Mario: Sticker Star [Nintendo 3DS Game]
Perricone_MD_Blue_Plasma_Orbital,"Perricone MD Blue Plasma Orbital\nA eye treatment to reduce dark circles, puffiness, wrinkles and crowsfeet, and also brighten the eye."
Perricone_MD_Hypoallergenic_Firming_Eye_Cream_05_oz,Perricone MD Hypoallergenic Firming Eye Cream 0.5 oz
PETS_ACCESSORIES,"PETS & ACCESSORIES\nThis set includes a dog and kennel, a cat, a rabbit and feeding bowls."
Pet_Dophilus_powder,"Pet Dophilus, powder"
Pokmon_X_Nintendo_3DS_Game,Pok\357\277\275mon X [Nintendo 3DS Game]
POUNDING_MUSHROOMS,POUNDING MUSHROOMS\nPound the mushroom down and another one continuously comes up. Mushrooms can also be pressed down by hand. Helps develop hand-eye coordination.
Provence_Bath_Towel_Royal_Blue,"Provence Bath Towel, Royal Blue"
QHPomegranate,QH-Pomegranate
Reebok_FUELTRAIN,Reebok FUELTRAIN
Reebok_ZIGCOOPERSTOWN_QUAG,Reebok ZIGCOOPERSTOWN QUAG
Retail_Leadership_Summit_eCT3zqHYIkX,Retail Leadership Summit\nRetail Leadership Summit
Santa_Cruz_Mens_G7kQXK7cIky,Santa Cruz Mens
school_bus1,SCHOOL BUS
school_bus2,Sonny School Bus
shoe,Women\'s Canvas Bahama in Black\nWomen\'s Canvas Bahama
shoe1,Women\'s Hikerfish Boot in Linen Leather / Sparkle Suede\nWomen\'s Hikerfish Boot
shoe2,Women\'s Teva Capistrano Bootie
shoe3,SAMBA HEMP
soap,Threshold Bamboo Ceramic Soap Dish
sofa,3D Dollhouse Sofa
sorter,"Poppin File Sorter, Blue"
sorting_board,GEOMETRIC SORTING BOARD\nA set of four geometric shapes which can be stacked together according to the number of holes in the middle of each one.
Spritz_Easter_Basket_Plastic_Teal,"Spritz Easter Basket, Plastic, Teal"
Starstruck_Tieks_Glittery_Gold_Italian_Leather_Ballet_Flats,"Starstruck Tieks - Glittery Gold Italian Leather Ballet Flats\nThese glittery, one-of-a-kind ballet flats are sure to steal the show. Flashy, fun and fabulous, any outfit will become the perfect accessory to Starstruck Tieks. Made with premium, soft, top-grain Italian leather. Non-elasticized, cushioned back and padded instep. Foldable split-sole design for ultimate portability. Signature Tiek Blue stripes and durable, non-skid rubber soles."
stucking_cups,Baby Elements Stacking Cups
teapot,"Threshold Porcelain Teapot, White"
TEA_SET,"TEA SET\nHave tea-time with friends. Includes two place settings - teapot, sugar bowl, milk pitcher, 2 tea cups, 2 saucers, 2 tea spoons, ?2 tea bags, and 2 cubes of sugar."
Timberland_Womens_Classic_Amherst_2Eye_Boat_Shoe,"Timberland Women\'s Classic Amherst 2-Eye Boat Shoe\nGet geared up this season. Take a look at our Women\'s Classic Amherst 2-Eye Boat Shoe. We made our name with the first waterproof boots, then we extended our craftsmanship to the boat shoe."
toaster,Black and Decker TR3500SD 2-Slice Toaster
TOP_TEN_HI_60KlbRbdoJA,TOP TEN HI\nFW-HIGH TOP
Tory_Burch_Kaitlin_Ballet_Mestico_in_BlackGold,Tory Burch Kaitlin Ballet - Mestico in Black/Gold
train,SORTING TRAIN\nShape and sort features enable this set to form a train which can be used as a pull toy.
Travel_Smart_Neck_Rest_Inflatable,"Travel Smart Neck Rest, Inflatable"
turtle,Vtech Roll & Learn Turtle
Whey_Protein_Vanilla_12_Packets,"Whey Protein, Vanilla - 12 Packets\nJarrow FORMULAS WHEY PROTEIN is a 100%  natural protein concentrate of whey, from cows not treated with growth hormone (rBST), and is ultrafiltered to be low in fat, lactose and carbohydrates. WHEY PROTEIN is a rich natural source of BCAAs (Isoleucine, Leucine and Valine). Each packet (26 grams) of WHEY PROTEIN provides a total of 4 grams of BCAAs. No other source of protein provides as much of the BCAAs as whey. WHEY PROTEIN is rich in essential amino acids, ranking it with egg as one of the highest quality protein sources available. *These statements have not been evaluated by the Food and Drug Administration. This product is not intended to diagnose, treat, cure, or prevent any disease."
Wishbone_Pencil_Case,Wishbone Pencil Case
Womens_Betty_Chukka_Boot_in_Grey_Jersey_Sequin,Women\'s Betty Chukka Boot in Grey Jersey Sequin\nWomen\'s Betty Chukka Boot
Womens_Sequin_Bahama_in_White_Sequin_V9K1hf24Oxe,Women\'s Sequin Bahama in White Sequin\nWomen\'s Sequin Bahama
Womens_Sequin_Bahama_in_White_Sequin_XoR8xTlxj1g,Women\'s Sequin Bahama in White Sequin\nWomen\'s Sequin Bahama
